{
  "evaluation_id": "e2e-20260506_022228",
  "timestamp": "20260506_022228",
  "overall_metrics": {
    "total_cases": 80,
    "hit_rate": 0.9814583333333333,
    "precision": 0.07187500000000001,
    "recall": 0.9814583333333333,
    "f1_score": 0.11722137158107453,
    "noise_injection_rate": 0.06124999999999999,
    "avg_latency_ms": 2.0
  },
  "dataset_metrics": {
    "feishu_decision_memory": {
      "hit_rate": 1.0,
      "precision": 0.01,
      "recall": 1.0,
      "f1_score": 0.019047619047619046
    },
    "feishu_knowledge_health": {
      "hit_rate": 1.0,
      "precision": 0.065,
      "recall": 1.0,
      "f1_score": 0.11797477884434407
    },
    "feishu_preference_memory": {
      "hit_rate": 1.0,
      "precision": 0.09000000000000001,
      "recall": 1.0,
      "f1_score": 0.14850157893636157
    },
    "feishu_command_memory": {
      "hit_rate": 0.8516666666666666,
      "precision": 0.175,
      "recall": 0.8516666666666666,
      "f1_score": 0.24601322958650546
    },
    "feishu_long_term_memory": {
      "hit_rate": 1.0,
      "precision": 0.07,
      "recall": 1.0,
      "f1_score": 0.12683982683982684
    },
    "feishu_efficiency": {
      "hit_rate": 1.0,
      "precision": 0.11500000000000002,
      "recall": 1.0,
      "f1_score": 0.18978354978354983
    },
    "feishu_contradiction_update": {
      "hit_rate": 1.0,
      "precision": 0.035,
      "recall": 1.0,
      "f1_score": 0.06190476190476191
    },
    "feishu_anti_interference": {
      "hit_rate": 1.0,
      "precision": 0.015000000000000003,
      "recall": 1.0,
      "f1_score": 0.027705627705627706
    }
  }
}