{
  "evaluation_id": "e2e-20260506_023450",
  "timestamp": "20260506_023450",
  "version": "v3",
  "overall_metrics": {
    "total_cases": 80,
    "hit_rate": 0.9789583333333333,
    "precision": 0.26749999999999996,
    "recall": 0.9789583333333333,
    "f1_score": 0.3958318040654998,
    "noise_injection_rate": 0.1725,
    "avg_latency_ms": 2.0
  },
  "dataset_metrics": {
    "feishu_decision_memory": {
      "hit_rate": 1.0,
      "precision": 0.19999999999999998,
      "recall": 1.0,
      "f1_score": 0.3333333333333334
    },
    "feishu_knowledge_health": {
      "hit_rate": 1.0,
      "precision": 0.22000000000000003,
      "recall": 1.0,
      "f1_score": 0.35714285714285726
    },
    "feishu_preference_memory": {
      "hit_rate": 1.0,
      "precision": 0.26,
      "recall": 1.0,
      "f1_score": 0.4047619047619048
    },
    "feishu_command_memory": {
      "hit_rate": 0.8316666666666667,
      "precision": 0.52,
      "recall": 0.8316666666666667,
      "f1_score": 0.5773687182382834
    },
    "feishu_long_term_memory": {
      "hit_rate": 1.0,
      "precision": 0.24,
      "recall": 1.0,
      "f1_score": 0.3750000000000001
    },
    "feishu_efficiency": {
      "hit_rate": 1.0,
      "precision": 0.26000000000000006,
      "recall": 1.0,
      "f1_score": 0.4047619047619048
    },
    "feishu_contradiction_update": {
      "hit_rate": 1.0,
      "precision": 0.21999999999999997,
      "recall": 1.0,
      "f1_score": 0.35714285714285726
    },
    "feishu_anti_interference": {
      "hit_rate": 1.0,
      "precision": 0.21999999999999997,
      "recall": 1.0,
      "f1_score": 0.35714285714285726
    }
  }
}